amino_acid,abbrev_3,abbrev_1,classification,molecular_weight_gmol,isoelectric_point,hydrophobicity_kd,num_codons,essential
Alanine,Ala,A,nonpolar_aliphatic,89.09,6.01,1.8,4,FALSE
Arginine,Arg,R,positively_charged,174.20,10.76,-4.5,6,TRUE
Asparagine,Asn,N,polar_uncharged,132.12,5.41,-3.5,2,FALSE
Aspartate,Asp,D,negatively_charged,133.10,2.77,-3.5,2,FALSE
Cysteine,Cys,C,polar_uncharged,121.16,5.07,2.5,2,FALSE
Glutamate,Glu,E,negatively_charged,147.13,3.22,-3.5,2,FALSE
Glutamine,Gln,Q,polar_uncharged,146.15,5.65,-3.5,2,FALSE
Glycine,Gly,G,nonpolar_aliphatic,75.03,5.97,-0.4,4,FALSE
Histidine,His,H,positively_charged,155.16,7.59,-3.2,2,TRUE
Isoleucine,Ile,I,nonpolar_aliphatic,131.17,5.98,4.5,3,TRUE
Leucine,Leu,L,nonpolar_aliphatic,131.17,5.98,3.8,6,TRUE
Lysine,Lys,K,positively_charged,146.19,9.74,-3.9,2,TRUE
Methionine,Met,M,nonpolar_aliphatic,149.21,5.74,1.9,1,TRUE
Phenylalanine,Phe,F,aromatic,165.19,5.48,2.8,2,TRUE
Proline,Pro,P,nonpolar_aliphatic,115.13,6.30,-1.6,4,FALSE
Serine,Ser,S,polar_uncharged,105.09,5.68,-0.8,6,FALSE
Threonine,Thr,T,polar_uncharged,119.12,5.60,-0.7,4,TRUE
Tryptophan,Trp,W,aromatic,204.23,5.89,-0.9,1,TRUE
Tyrosine,Tyr,Y,aromatic,181.19,5.66,-1.3,2,FALSE
Valine,Val,V,nonpolar_aliphatic,117.15,5.97,4.2,4,TRUE
